Unnamed: 0,"Indicator name: Completion rate,  primary",Unnamed: 2,Unnamed: 3,Unnamed: 4,Unnamed: 5,Unnamed: 6,Unnamed: 7,Unnamed: 8,Unnamed: 9,Unnamed: 10,Unnamed: 11,Unnamed: 12,Unnamed: 13,Unnamed: 14,Unnamed: 15,Unnamed: 16,Unnamed: 17,Unnamed: 18,Unnamed: 19,Unnamed: 20,Unnamed: 21,Unnamed: 22,Unnamed: 23,Unnamed: 24
,,,,,,,Total,Gender,,Residence,,Wealth quintile,,,,,,,,,,,,
ISO_Code,Country,Region,Sub-region,Least developed countries (LDC),Africa sub-regions,Africa region,Total,Male,Female,Urban,Rural,Poorest,Second,Middle,Fourth,Richest,Source," Total Population, one year before primary ",,,,,,
AFG,Afghanistan,SA,,LDC,,, 54 , 67 , 40 , 71 , 48 , 45 , 46 , 43 , 60 , 75 , DHS 2015  ," 6,170,913 ",3160379.0,3010534.0,1606041.81738,4564871.18262,26.026,73.974
ALB,Albania,ECA,EECA,,,, 92 , 91 , 93 , 94 , 89 , 87 , 91 , 94 , 92 , 98 , DHS 2017-18 ," 156,833 ",81809.0,75024.0,97412.11296,59420.88704,62.112,37.888
DZA,Algeria,MENA,,,Northern Africa,All, 94 , 93 , 94 , 95 , 91 , 86 , 95 , 94 , 96 , 99 , MICS 2012-13 ," 4,040,275 ",2060745.0,1979530.0,2979015.96575,1061259.03425,73.733,26.267
AND,Andorra,ECA,WE,,,,,,,,,,,,,,,,,,,,87.916,12.084
AGO,Angola,SSA,ESA,LDC,Southern Africa,All, 51 , 53 , 49 , 64 , 21 , 15 , 23 , 44 , 68 , 82 , DHS 2015-16 ," 5,482,624 ",2722689.0,2759935.0,3663763.488,1818860.512,66.825,33.175
AIA,Anguilla,LAC,,,,,,,,,,,,,,,,,,,,,100.0,0.0
ATG,Antigua and Barbuda,LAC,,,,,,,,,,,,,,,," 11,295 ",5664.0,5631.0,2759.70735,8535.29265,24.433,75.567
ARG,Argentina,LAC,,,,, 96 , 95 , 97 ,,, 93 , 95 , 97 , 99 , 98 , MICS 2011-12 ," 4,392,825 ",2233807.0,2159018.0,4046275.03575,346549.96425,92.111,7.889
ARM,Armenia,ECA,EECA,,,, 100 , 100 , 99 , 100 , 100 , 99 , 100 , 99 , 100 , 100 , DHS 2015-16 ," 164,439 ",87617.0,76822.0,104111.26407,60327.73593,63.313,36.687
AUS,Australia,EAP,,,,,,,,,,,,,,,," 2,230,566 ",1144328.0,1086238.0,1923662.42406,306903.57594,86.241,13.759
AUT,Austria,ECA,WE,,,,,,,,,,,,,,," 322,679 ",165921.0,156758.0,189567.45892,133111.54108,58.748,41.252
AZE,Azerbaijan,ECA,EECA,,,,,,,,,,,,,,," 588,021 ",316067.0,271954.0,331626.20337,256394.79663,56.397,43.603
BHS,Bahamas,LAC,,,,,,,,,,,,,,,," 33,398 ",17091.0,16307.0,27802.1651,5595.8349,83.245,16.755
BHR,Bahrain,MENA,,,,,,,,,,,,,,,," 115,525 ",58593.0,56932.0,103401.8065,12123.1935,89.506,10.494
BGD,Bangladesh,SA,,LDC,,, 74 , 69 , 79 , 74 , 74 , 56 , 69 , 80 , 82 , 84 , DHS 2014 ," 15,528,512 ",7929761.0,7598751.0,5928320.02624,9600191.97376,38.177,61.823
BRB,Barbados,LAC,,,,, 99 , 99 , 99 , 99 , 99 , 97 , 98 , 100 , 99 , 100 , MICS 2012 ," 22,072 ",11296.0,10776.0,6884.47752,15187.52248,31.191,68.809
BLR,Belarus,ECA,EECA,,,, 100 , 100 , 100 , 100 , 100 , 100 , 99 , 100 , 100 , 100 , MICS 2012 ," 429,051 ",220847.0,208204.0,341022.60633,88028.39367,79.483,20.517
BEL,Belgium,ECA,WE,,,,,,,,,,,,,,," 794,502 ",407149.0,387353.0,779239.61658,15262.3834200001,98.079,1.92100000000001
BLZ,Belize,LAC,,,,, 82 , 78 , 86 , 89 , 78 , 60 , 77 , 87 , 92 , 97 , MICS 2011 ," 45,554 ",23196.0,22358.0,20966.2285,24587.7715,46.025,53.975
BEN,Benin,SSA,WCA,LDC,Western Africa,All, 48 , 51 , 44 , 58 , 41 , 21 , 33 , 45 , 58 , 76 , DHS 2017-18 ," 1,823,596 ",924815.0,898781.0,882894.0034,940701.9966,48.415,51.585
BTN,Bhutan,SA,,LDC,,, 69 , 67 , 71 , 89 , 60 , 43 , 55 , 68 , 83 , 90 , MICS 2010 ," 101,310 ",51453.0,49857.0,42870.3396,58439.6604,42.316,57.684
BOL,Bolivia (Plurinational State of),LAC,,,,,,,,,,,,,,,," 1,388,590 ",706849.0,681741.0,973720.9657,414869.0343,70.123,29.877
BIH,Bosnia and Herzegovina,ECA,EECA,,,, 100 , 99 , 100 , 100 , 99 , 100 , 100 , 98 , 100 , 100 , MICS 2011-12 ,,,,,,49.02,50.98
BWA,Botswana,SSA,ESA,,Southern Africa,All,,,,,,,,,,,," 329,689 ",166271.0,163418.0,233673.67253,96015.32747,70.877,29.123
BRA,Brazil,LAC,,,,, 96 , 94 , 97 ,,,,,,,, Pesquisa Nacional por Amostra de Domicílios 2013 ," 14,145,864 ",7273407.0,6872457.0,12317228.16072,1828635.83928,87.073,12.927
VGB,British Virgin Islands,LAC,,,,,,,,,,,,,,,,,,,,,48.515,51.485
BRN,Brunei Darussalam,EAP,,,,,,,,,,,,,,,," 37,996 ",19517.0,18479.0,29731.87,8264.13,78.25,21.75
BGR,Bulgaria,ECA,EECA,,,,,,,,,,,,,,," 285,855 ",146787.0,139068.0,216352.2153,69502.7847,75.686,24.314
BFA,Burkina Faso,SSA,WCA,LDC,Western Africa,All, 31 , 32 , 29 , 58 , 21 , 10 , 17 , 22 , 35 , 60 , DHS 2010 ," 3,336,519 ",1697263.0,1639256.0,1021208.37033,2315310.62967,30.607,69.393
BDI,Burundi,SSA,ESA,LDC,Central Africa,All, 50 , 46 , 54 , 70 , 47 , 26 , 39 , 54 , 57 , 64 , DHS 2016-17 ," 1,760,442 ",878243.0,882199.0,241321.38936,1519120.61064,13.708,86.292
CPV,Cabo Verde,SSA,WCA,,Western Africa,All,,,,,,,,,,,," 66,091 ",33348.0,32743.0,44050.97332,22040.02668,66.652,33.348
KHM,Cambodia,EAP,,LDC,,, 73 , 68 , 79 , 85 , 71 , 48 , 64 , 75 , 86 , 90 , DHS 2014 ," 1,998,583 ",1024420.0,974163.0,484296.63256,1514286.36744,24.232,75.768
CMR,Cameroon,SSA,WCA,,Central Africa,All, 65 , 67 , 64 , 81 , 49 , 22 , 49 , 74 , 81 , 93 , MICS 2014 ," 3,962,167 ",1996799.0,1965368.0,2280623.3252,1681543.6748,57.56,42.44
CAN,Canada,,,,,,,,,,,,,,,,," 2,398,552 ",1227094.0,1171458.0,1956306.98224,442245.01776,81.562,18.438
CAF,Central African Republic,SSA,WCA,LDC,Central Africa,All, 43 , 54 , 33 , 62 , 27 , 14 , 20 , 34 , 54 , 70 , MICS 2010 ," 781,936 ",388485.0,393451.0,329961.35328,451974.64672,42.198,57.802
TCD,Chad,SSA,WCA,LDC,Central Africa,All, 27 , 31 , 24 , 53 , 19 , 16 , 18 , 19 , 20 , 57 , DHS 2014-15 ," 2,653,922 ",1336917.0,1317005.0,624202.4544,2029719.5456,23.52,76.48
CHL,Chile,LAC,,,,,,,,,,,,,,,," 1,484,940 ",756353.0,728587.0,1302693.3138,182246.6862,87.727,12.273
CHN,China,EAP,,,,, 97 , 97 , 97 , 98 , 96 ,,,,,, National Population Sample Survey 2015 ," 99,340,028 ",53492476.0,45847552.0,61022592.39984,38317435.60016,61.428,38.572
COL,Colombia,LAC,,,,, 93 , 91 , 95 , 95 , 87 , 84 , 92 , 95 , 98 , 98 , DHS 2015 ," 3,823,457 ",1951176.0,1872281.0,3113249.86225,710207.13775,81.425,18.575
COM,Comoros,SSA,ESA,LDC,Eastern Africa,All, 76 , 75 , 77 , 86 , 71 , 50 , 71 , 80 , 83 , 91 , DHS 2012 ," 124,857 ",63528.0,61329.0,36682.9866,88174.0134,29.38,70.62
COG,Congo,,,,Central Africa,All, 80 , 78 , 82 , 90 , 55 , 42 , 71 , 85 , 92 , 96 , MICS 2014-15 ," 865,454 ",435259.0,430195.0,587028.79366,278425.20634,67.829,32.171
COK,Cook Islands,EAP,,,,,,,,,,,,,,,," 1,623 ",811.0,812.0,1225.28385,397.71615,75.495,24.505
CRI,Costa Rica,LAC,,,,, 94 , 94 , 95 , 98 , 90 , 85 , 95 , 98 , 96 , 99 , MICS 2011 ," 431,424 ",220685.0,210739.0,348465.47904,82958.52096,80.771,19.229
CIV,Côte d'Ivoire,SSA,WCA,,Western Africa,All, 56 , 60 , 53 , 70 , 39 , 24 , 49 , 54 , 67 , 75 , MICS 2016 ," 3,900,719 ",1952238.0,1948481.0,2016905.76614,1883813.23386,51.706,48.294
HRV,Croatia,ECA,EECA,,,,,,,,,,,,,,," 174,937 ",89914.0,85023.0,100681.49161,74255.50839,57.553,42.447
CUB,Cuba,LAC,,,,, 100 , 99 , 100 , 99 , 100 ,,,,,, MICS 2014 ," 715,707 ",368419.0,347288.0,552482.86158,163224.13842,77.194,22.806
CYP,Cyprus,ECA,WE,,,,,,,,,,,,,,," 56,252 ",28834.0,27418.0,37588.14892,18663.85108,66.821,33.179
CZE,Czechia,ECA,WE,,,,,,,,,,,,,,," 580,600 ",298012.0,282588.0,429998.166,150601.834,74.061,25.939
PRK,Democratic People's Republic of Korea,EAP,,,,, 100 , 100 , 100 , 100 , 100 , 100 ,,,,, MICS 2017 ," 1,711,447 ",874607.0,836840.0,1067617.75307,643829.24693,62.381,37.619
COD,Democratic Republic of the Congo,SSA,WCA,LDC,Central Africa,All, 69 , 71 , 66 , 86 , 57 , 49 , 57 , 64 , 73 , 92 , DHS 2013-14 ," 14,178,081 ",7144095.0,7033986.0,6470592.60678,7707488.39322,45.638,54.362
DNK,Denmark,ECA,WE,,,,,,,,,,,,,,," 465,893 ",239548.0,226345.0,410526.27588,55366.72412,88.116,11.884
DJI,Djibouti,SSA,ESA,LDC,Eastern Africa,All,,,,,,,,,,,," 96,703 ",48935.0,47768.0,75488.29586,21214.70414,78.062,21.938
DMA,Dominica,LAC,,,,,,,,,,,,,,,," 6,635 ",3370.0,3265.0,4716.8215,1918.1785,71.09,28.91
DOM,Dominican Republic,LAC,,,,, 91 , 88 , 94 , 93 , 86 , 77 , 90 , 93 , 97 , 99 , MICS 2014 ," 1,160,293 ",590915.0,569378.0,957705.8422,202587.1578,82.54,17.46
ECU,Ecuador,LAC,,,,,,,,,,,,,,,," 1,887,087 ",964315.0,922772.0,1210868.24442,676218.75558,64.166,35.834
EGY,Egypt,MENA,,,Northern Africa,All, 91 , 91 , 92 , 93 , 90 , 87 , 89 , 91 , 92 , 97 , DHS 2014 ," 11,980,624 ",6170485.0,5810139.0,5125670.36592,6854953.63408,42.783,57.217
SLV,El Salvador,LAC,,,,, 86 , 84 , 89 , 91 , 81 , 71 , 83 , 91 , 96 , 97 , MICS 2014 ," 696,082 ",355561.0,340521.0,511230.46408,184851.53592,73.444,26.556
GNQ,Equatorial Guinea,SSA,WCA,,Central Africa,All,,,,,,,,,,,," 170,626 ",86448.0,84178.0,124727.606,45898.394,73.1,26.9
ERI,Eritrea,SSA,ESA,LDC,Eastern Africa,All,,,,,,,,,,,," 714,638 ",364577.0,350061.0,295481.37386,419156.62614,41.347,58.653
EST,Estonia,ECA,WE,,,,,,,,,,,,,,," 91,009 ",46895.0,44114.0,63004.62061,28004.37939,69.229,30.771
ETH,Ethiopia,SSA,ESA,LDC,Eastern Africa,All, 51 , 51 , 51 , 82 , 43 , 28 , 34 , 47 , 52 , 78 , DHS 2016 ," 16,246,524 ",8211218.0,8035306.0,3524683.3818,12721840.6182,21.695,78.305
FJI,Fiji,EAP,,,,,,,,,,,,,,,," 106,132 ",54653.0,51479.0,60757.38604,45374.61396,57.247,42.753
FIN,Finland,ECA,WE,,,,,,,,,,,,,,," 368,236 ",188177.0,180059.0,314904.38012,53331.61988,85.517,14.483
FRA,France,ECA,WE,,,,,,,,,,,,,,," 4,230,822 ",2164199.0,2066623.0,3425908.1145,804913.8855,80.975,19.025
GAB,Gabon,SSA,WCA,,Central Africa,All, 62 , 57 , 67 , 68 , 25 , 26 , 55 , 65 , 76 , 83 , DHS 2012 ," 235,195 ",118667.0,116528.0,211891.8794,23303.1206,90.092,9.908
GMB,Gambia,SSA,WCA,LDC,Western Africa,All, 57 , 56 , 57 , 72 , 41 , 45 , 48 , 45 , 64 , 81 , DHS 2013 ," 349,511 ",176290.0,173221.0,218730.97402,130780.02598,62.582,37.418
GEO,Georgia,ECA,EECA,,,,,,,,,,,,,,," 302,037 ",158721.0,143316.0,179570.05761,122466.94239,59.453,40.547
DEU,Germany,ECA,WE,,,,,,,,,,,,,,," 2,809,970 ",1441888.0,1368082.0,2176406.0641,633563.9359,77.453,22.547
GHA,Ghana,SSA,WCA,,Western Africa,All, 66 , 64 , 68 , 76 , 57 , 42 , 60 , 73 , 81 , 82 , DHS 2014 ," 4,295,041 ",2195193.0,2099848.0,2463163.06309,1831877.93691,57.349,42.651
GRC,Greece,ECA,WE,,,,,,,,,,,,,,," 689,916 ",355548.0,334368.0,549966.5394,139949.4606,79.715,20.285
GRD,Grenada,LAC,,,,,,,,,,,,,,,," 13,341 ",6837.0,6504.0,4874.40117,8466.59883,36.537,63.463
GTM,Guatemala,LAC,,,,, 80 , 83 , 77 , 89 , 73 , 58 , 72 , 80 , 93 , 97 , DHS 2014-15 ," 2,317,723 ",1183817.0,1133906.0,1201414.89428,1116308.10572,51.836,48.164
GIN,Guinea,,,,Western Africa,All, 54 , 58 , 49 , 74 , 35 , 23 , 33 , 46 , 66 , 78 , MICS 2016 ," 2,013,710 ",1013682.0,1000028.0,742555.5625,1271154.4375,36.875,63.125
GNB,Guinea-Bissau,SSA,WCA,LDC,Western Africa,All, 30 , 33 , 26 , 48 , 11 , 8 , 11 , 14 , 42 , 57 , MICS 2014 ," 294,965 ",147497.0,147468.0,130362.7314,164602.2686,44.196,55.804
GUY,Guyana,LAC,,,,, 97 , 96 , 99 , 97 , 97 , 94 , 98 , 96 , 99 , 99 , MICS 2014 ," 87,465 ",44804.0,42661.0,23428.3749,64036.6251,26.786,73.214
HTI,Haiti,,,,,, 54 , 49 , 58 , 70 , 43 , 22 , 41 , 53 , 71 , 80 , DHS 2016-17 ," 1,447,302 ",735418.0,711884.0,826235.76576,621066.23424,57.088,42.912
VAT,Holy See,ECA,WE,,,,,,,,,,,,,,,,,,,,100.0,0.0
HND,Honduras,LAC,,,,, 83 , 81 , 85 , 90 , 77 , 61 , 78 , 85 , 94 , 98 , DHS 2011-12 ," 1,169,265 ",595399.0,573866.0,682371.36135,486893.63865,58.359,41.641
HUN,Hungary,ECA,WE,,,,,,,,,,,,,,," 386,404 ",197990.0,188414.0,277986.76568,108417.23432,71.942,28.058
ISL,Iceland,ECA,WE,,,,,,,,,,,,,,," 32,276 ",16626.0,15650.0,30306.51848,1969.48152,93.898,6.102
IND,India,SA,,,,, 91 , 92 , 91 , 93 , 91 , 80 , 91 , 94 , 96 , 99 , DHS 2015-16 ," 126,077,476 ",66460505.0,59616971.0,44033819.26776,82043656.73224,34.926,65.074
IDN,Indonesia,,,,,, 91 , 91 , 92 , 96 , 88 , 85 , 90 , 92 , 95 , 97 , National Socio-Economic Survey 2018 ," 28,343,507 ",14473582.0,13869925.0,16054045.79987,12289461.20013,56.641,43.359
IRN,Iran (Islamic Republic of),MENA,,,,,,,,,,,,,,,," 7,791,195 ",3940069.0,3851126.0,5911491.2943,1879703.7057,75.874,24.126
IRQ,Iraq,,,,,, 76 , 78 , 73 , 79 , 69 , 54 , 68 , 77 , 87 , 93 , MICS 2018 ," 5,932,230 ",3051700.0,2880530.0,4205535.8139,1726694.1861,70.893,29.107
IRL,Ireland,ECA,WE,,,,,,,,,,,,,,," 554,423 ",283500.0,270923.0,352906.87219,201516.12781,63.653,36.347
ISR,Israel,MENA,,,,,,,,,,,,,,,," 903,812 ",464214.0,439598.0,836812.41644,66999.58356,92.587,7.413
ITA,Italy,ECA,WE,,,,,,,,,,,,,,," 2,787,635 ",1434806.0,1352829.0,1980308.02765,807326.97235,71.039,28.961
JAM,Jamaica,LAC,,,,, 99 , 99 , 100 , 99 , 100 , 98 , 100 , 100 , 100 , 100 , MICS 2011 ,,,,,,56.311,43.689
JPN,Japan,EAP,,,,,,,,,,,,,,,," 6,664,252 ",3421331.0,3242921.0,6116583.77064,547668.22936,91.782,8.218
JOR,Jordan,,,,,, 96 , 96 , 97 , 96 , 97 , 91 , 97 , 98 , 99 , 97 , DHS 2017-18 ,,,,,,91.418,8.58199999999999
KAZ,Kazakhstan,ECA,EECA,,,, 100 , 100 , 100 , 100 , 100 , 100 , 100 , 100 , 100 , 100 , MICS 2015  ," 1,341,757 ",690428.0,651329.0,773804.67947,567952.32053,57.671,42.329
KEN,Kenya,SSA,ESA,,Eastern Africa,All, 79 , 77 , 82 , 87 , 76 , 58 , 75 , 84 , 90 , 94 , DHS 2014 ," 8,093,610 ",4081391.0,4012219.0,2265806.1195,5827803.8805,27.995,72.005
KIR,Kiribati,EAP,,LDC,,,,,,,,,,,,,," 17,098 ",8657.0,8441.0,9505.46212,7592.53788,55.594,44.406
KWT,Kuwait,MENA,,,,,,,,,,,,,,,," 293,151 ",151460.0,141691.0,293151.0,0.0,100.0,0.0
KGZ,Kyrgyzstan,ECA,EECA,,,, 99 , 99 , 99 , 99 , 99 , 98 , 100 , 100 , 99 , 100 , MICS 2014 ," 489,849 ",250093.0,239756.0,180538.74744,309310.25256,36.856,63.144
LAO,Lao People's Democratic Republic,,,,,, 87 , 87 , 86 , 97 , 80 , 65 , 85 , 93 , 97 , 99 , MICS 2017 ," 760,609 ",388219.0,372390.0,276025.0061,484583.9939,36.29,63.71
LVA,Latvia,ECA,WE,,,,,,,,,,,,,,," 122,279 ",62542.0,59737.0,83534.89885,38744.10115,68.315,31.685
LBN,Lebanon,MENA,,,,,,,,,,,,,,,," 529,021 ",263724.0,265297.0,470431.92425,58589.07575,88.925,11.075
LSO,Lesotho,SSA,ESA,LDC,Southern Africa,All, 71 , 60 , 83 , 87 , 65 , 43 , 58 , 73 , 81 , 88 , DHS 2014 ," 356,299 ",179004.0,177295.0,103426.47372,252872.52628,29.028,70.972
LBR,Liberia,SSA,WCA,LDC,Western Africa,All, 34 , 36 , 33 , 44 , 15 , 10 , 12 , 23 , 39 , 57 , DHS 2013 ," 767,261 ",391966.0,375295.0,399658.58229,367602.41771,52.089,47.911
LBY,Libya,MENA,,,Northern Africa,All,,,,,,,,,,,," 715,725 ",366310.0,349415.0,577525.65975,138199.34025,80.691,19.309
LIE,Liechtenstein,ECA,WE,,,,,,,,,,,,,,," 1,915 ",1008.0,907.0,276.0664,1638.9336,14.416,85.584
LTU,Lithuania,ECA,WE,,,,,,,,,,,,,,," 109,633 ",56086.0,53547.0,74600.87118,35032.12882,68.046,31.954
LUX,Luxembourg,ECA,WE,,,,,,,,,,,,,,," 37,204 ",19002.0,18202.0,34024.17412,3179.82588,91.453,8.547
MDG,Madagascar,SSA,ESA,LDC,Eastern Africa,All,,,,,,,,,,,," 3,410,270 ",1718350.0,1691920.0,1314113.4418,2096156.5582,38.534,61.466
MWI,Malawi,SSA,ESA,LDC,Southern Africa,All, 47 , 43 , 52 , 73 , 43 , 25 , 34 , 43 , 54 , 73 , DHS 2015-16 ," 3,297,346 ",1661946.0,1635400.0,574628.48742,2722717.51258,17.427,82.573
MYS,Malaysia,EAP,,,,,,,,,,,,,,,," 2,997,418 ",1540436.0,1456982.0,2312807.7288,684610.2712,77.16,22.84
MDV,Maldives,SA,,,,,,,,,,,,,,,," 46,202 ",23680.0,22522.0,18789.89138,27412.10862,40.669,59.331
MLI,Mali,SSA,WCA,LDC,Western Africa,All, 45 , 50 , 41 , 75 , 36 , 16 , 25 , 38 , 55 , 79 , MICS 2015 ," 3,280,310 ",1666818.0,1613492.0,1440351.3179,1839958.6821,43.909,56.091
MLT,Malta,ECA,WE,,,,,,,,,,,,,,," 24,657 ",12940.0,11717.0,23361.02808,1295.97192,94.744,5.256
MHL,Marshall Islands,EAP,,,,,,,,,,,,,,,," 8,839 ",4552.0,4287.0,6876.21166,1962.78834,77.794,22.206
MRT,Mauritania,,,,Northern Africa,All, 60 , 64 , 56 , 69 , 51 , 47 , 48 , 57 , 65 , 82 , MICS 2015 ," 674,793 ",342573.0,332220.0,373342.72311,301450.27689,55.327,44.673
MUS,Mauritius,SSA,ESA,,Eastern Africa,All,,,,,,,,,,,," 88,592 ",45137.0,43455.0,36110.0992,52481.9008,40.76,59.24
MEX,Mexico,LAC,,,,, 96 , 97 , 96 , 96 , 96 , 91 , 95 , 98 , 99 , 100 , MICS 2015 ," 13,663,147 ",6978418.0,6684729.0,11030395.20457,2632751.79543,80.731,19.269
FSM,Micronesia (Federated States of),EAP,,,,,,,,,,,,,,,," 13,703 ",7102.0,6601.0,9484.773881343,4218.226118657,69.2167691844341,30.7832308155659
MCO,Monaco,ECA,WE,,,,,,,,,,,,,,,,,,,,100.0,0.0
MNG,Mongolia,EAP,,,,, 97 , 96 , 99 , 98 , 96 , 93 , 97 , 100 , 99 , 99 , MICS 2013-14 ," 294,553 ",148959.0,145594.0,202231.25321,92321.74679,68.657,31.343
MNE,Montenegro,ECA,EECA,,,, 100 , 100 , 100 , 100 , 100 , 100 , 100 , 100 , 100 , 100 , MICS 2013 ," 39,252 ",20405.0,18847.0,26490.38976,12761.61024,67.488,32.512
MSR,Montserrat,LAC,,,,,,,,,,,,,,,, 476 ,226.0,250.0,43.3874,432.6126,9.115,90.885
MAR,Morocco,MENA,,,Northern Africa,All,,,,,,,,,,,," 3,798,330 ",1946222.0,1852108.0,2413155.0156,1385174.9844,63.532,36.468
MOZ,Mozambique,SSA,ESA,LDC,Southern Africa,All, 40 , 43 , 37 , 64 , 25 , 11 , 15 , 29 , 46 , 76 , DHS 2011 ," 5,993,906 ",3008136.0,2985770.0,2222180.71044,3771725.28956,37.074,62.926
MMR,Myanmar,EAP,,LDC,,, 81 , 78 , 84 , 89 , 79 , 62 , 80 , 87 , 90 , 92 , DHS 2015-16 ," 4,685,910 ",2357843.0,2328067.0,1459239.2331,3226670.7669,31.141,68.859
NAM,Namibia,SSA,ESA,,Southern Africa,All, 81 , 75 , 86 , 89 , 74 , 66 , 69 , 82 , 89 , 97 , DHS 2013 ," 408,052 ",204507.0,203545.0,212321.69716,195730.30284,52.033,47.967
NRU,Nauru,EAP,,,,,,,,,,,,,,,," 1,859 ",994.0,865.0,1859.0,0.0,100.0,0.0
NPL,Nepal,SA,,LDC,,, 78 , 79 , 76 , 83 , 70 , 75 , 74 , 72 , 78 , 91 , DHS 2016 ," 3,008,087 ",1536886.0,1471201.0,618943.98112,2389143.01888,20.576,79.424
NLD,Netherlands,ECA,WE,,,,,,,,,,,,,,," 1,116,538 ",573529.0,543009.0,1029849.98968,86688.01032,92.236,7.764
NZL,New Zealand,EAP,,,,,,,,,,,,,,,," 383,773 ",197447.0,186326.0,332727.35327,51045.64673,86.699,13.301
NIC,Nicaragua,LAC,,,,,,,,,,,,,,,," 729,883 ",375536.0,354347.0,430718.55596,299164.44404,59.012,40.988
NER,Niger,SSA,WCA,LDC,Western Africa,All, 29 , 35 , 24 , 61 , 19 , 8 , 20 , 17 , 25 , 58 , DHS 2012 ," 3,833,193 ",1954732.0,1878461.0,637306.66818,3195886.33182,16.626,83.374
NGA,Nigeria,SSA,WCA,,Western Africa,All, 80 , 81 , 79 , 93 , 73 , 55 , 72 , 84 , 93 , 97 , MICS 2016 ," 31,886,242 ",16287236.0,15599006.0,16567453.61836,15318788.38164,51.958,48.042
NIU,Niue,EAP,,,,,,,,,,,,,,,, 135 ,69.0,66.0,62.3727,72.6273,46.202,53.798
NOR,Norway,ECA,WE,,,,,,,,,,,,,,," 446,930 ",229206.0,217724.0,370835.6982,76094.3018,82.974,17.026
OMN,Oman,MENA,,,,,,,,,,,,,,,," 380,855 ",195178.0,185677.0,328586.4598,52268.5402,86.276,13.724
PAK,Pakistan,,,,,, 60 , 64 , 55 , 75 , 52 , 28 , 48 , 64 , 78 , 92 , DHS 2017-18 ," 23,126,168 ",11971975.0,11154193.0,8594840.3372,14531327.6628,37.165,62.835
PLW,Palau,EAP,,,,,,,,,,,,,,,," 1,434 ",729.0,705.0,1161.36792,272.63208,80.988,19.012
PAN,Panama,LAC,,,,, 95 , 95 , 96 , 99 , 88 , 81 , 98 , 99 , 99 , 100 , MICS 2013 ," 448,196 ",228749.0,219447.0,306628.81144,141567.18856,68.414,31.586
PNG,Papua New Guinea,EAP,,,,,,,,,,,,,,,," 1,168,569 ",603111.0,565458.0,155945.53305,1012623.46695,13.345,86.655
PRY,Paraguay,LAC,,,,, 92 , 89 , 95 , 94 , 89 , 81 , 92 , 94 , 96 , 100 , MICS 2016 ," 803,536 ",409385.0,394151.0,499662.79088,303873.20912,62.183,37.817
PER,Peru,LAC,,,,, 95 , 95 , 95 , 96 , 92 , 88 , 95 , 96 , 97 , 99 , DHS 2012 ," 3,507,387 ",1788045.0,1719342.0,2746178.79939,761208.20061,78.297,21.703
PHL,Philippines,,,,,, 92 , 89 , 95 , 93 , 91 , 78 , 92 , 94 , 97 , 98 , DHS 2017 ," 13,114,259 ",6704229.0,6410030.0,6217207.90672,6897051.09328,47.408,52.592
POL,Poland,ECA,WE,,,,,,,,,,,,,,," 2,374,454 ",1218492.0,1155962.0,1425693.41522,948760.58478,60.043,39.957
PRT,Portugal,ECA,WE,,,,,,,,,,,,,,," 584,685 ",298281.0,286404.0,387704.6235,196980.3765,66.31,33.69
QAT,Qatar,MENA,,,,,,,,,,,,,,,," 146,587 ",75079.0,71508.0,145465.60945,1121.39055,99.235,0.765000000000001
KOR,Republic of Korea,EAP,,,,,,,,,,,,,,,," 2,739,561 ",1414457.0,1325104.0,2230386.19254,509174.80746,81.414,18.586
MDA,Republic of Moldova,ECA,EECA,,,, 99 , 99 , 100 , 99 , 99 , 97 , 99 , 99 , 100 , 100 , MICS 2012 ," 152,695 ",78905.0,73790.0,65428.28055,87266.71945,42.849,57.151
ROU,Romania,ECA,EECA,,,,,,,,,,,,,,," 1,040,167 ",534221.0,505946.0,563708.10398,476458.89602,54.194,45.806
RUS,Russian Federation,ECA,EECA,,,,,,,,,,,,,,," 6,443,358 ",3297066.0,3146292.0,4816667.83932,1626690.16068,74.754,25.246
RWA,Rwanda,SSA,ESA,LDC,Eastern Africa,All, 54 , 48 , 61 , 68 , 51 , 33 , 47 , 55 , 60 , 67 , DHS 2014-15 ," 1,943,135 ",969174.0,973961.0,338727.2932,1604407.7068,17.432,82.568
KNA,Saint Kitts and Nevis,LAC,,,,,,,,,,,,,,,,,,,,,30.843,69.157
LCA,Saint Lucia,LAC,,,,, 99 , 99 , 99 , 100 , 99 , 98 , 98 , 100 , 100 , 100 , MICS 2012 ,,,,,,18.841,81.159
VCT,Saint Vincent and the Grenadines,LAC,,,,,,,,,,,,,,,," 12,542 ",6336.0,6206.0,6651.27344,5890.72656,53.032,46.968
WSM,Samoa,EAP,,,,,,,,,,,,,,,," 30,009 ",15593.0,14416.0,5368.31001,24640.68999,17.889,82.111
SMR,San Marino,ECA,WE,,,,,,,,,,,,,,," 1,760 ",904.0,856.0,1715.9824,44.0176000000001,97.499,2.501
STP,Sao Tome and Principe,SSA,WCA,LDC,Central Africa,All, 83 , 79 , 86 , 85 , 77 , 72 , 71 , 79 , 89 , 95 , MICS 2014 ," 34,236 ",17236.0,17000.0,25455.83544,8780.16456,74.354,25.646
SAU,Saudi Arabia,MENA,,,,,,,,,,,,,,,," 3,263,553 ",1657674.0,1605879.0,2750750.91711,512802.08289,84.287,15.713
SEN,Senegal,,,,Western Africa,All, 49 , 48 , 51 , 65 , 37 , 27 , 40 , 49 , 55 , 75 , DHS 2017 ," 2,612,259 ",1321807.0,1290452.0,1257071.27598,1355187.72402,48.122,51.878
SRB,Serbia,ECA,EECA,,,, 99 , 99 , 100 , 100 , 99 , 96 , 100 , 100 , 100 , 100 , MICS 2014 ," 268,113 ",138216.0,129897.0,151339.06398,116773.93602,56.446,43.554
SYC,Seychelles,SSA,ESA,,Eastern Africa,All,,,,,,,,,,,," 8,525 ",4308.0,4217.0,4905.7965,3619.2035,57.546,42.454
SLE,Sierra Leone,,,,Western Africa,All, 64 , 63 , 65 , 83 , 45 , 33 , 40 , 62 , 82 , 87 , MICS 2017 ," 1,249,931 ",623717.0,626214.0,536507.88313,713423.11687,42.923,57.077
SGP,Singapore,EAP,,,,,,,,,,,,,,,," 235,125 ",119951.0,115174.0,235125.0,0.0,100.0,0.0
SVK,Slovakia,ECA,WE,,,,,,,,,,,,,,," 230,520 ",118004.0,112516.0,123927.552,106592.448,53.76,46.24
SVN,Slovenia,ECA,WE,,,,,,,,,,,,,,," 127,104 ",65373.0,61731.0,70057.18272,57046.81728,55.118,44.882
SLB,Solomon Islands,EAP,,LDC,,,,,,,,,,,,,," 95,888 ",49486.0,46402.0,23655.5696,72232.4304,24.67,75.33
SOM,Somalia,SSA,ESA,LDC,Eastern Africa,All,,,,,,,,,,,," 2,578,378 ",1296259.0,1282119.0,1189689.39298,1388688.60702,46.141,53.859
ZAF,South Africa,,,,Southern Africa,All, 96 , 95 , 98 , 97 , 95 , 91 , 97 , 97 , 99 , 99 , DHS 2016 ," 7,530,119 ",3793428.0,3736691.0,5071836.35126,2458282.64874,67.354,32.646
SSD,South Sudan,SSA,ESA,LDC,Eastern Africa,All, 24 , 30 , 18 , 38 , 18 , 7 , 9 , 17 , 29 , 44 , MICS 2010 ," 2,056,501 ",1041379.0,1015122.0,415392.63699,1641108.36301,20.199,79.801
ESP,Spain,ECA,WE,,,,,,,,,,,,,,," 2,928,976 ",1507023.0,1421953.0,2366905.5056,562070.4944,80.81,19.19
LKA,Sri Lanka,SA,,,,,,,,,,,,,,,," 1,682,221 ",849484.0,832737.0,314794.01573,1367426.98427,18.713,81.287
PSE,State of Palestine,MENA,,,,, 99 , 99 , 100 , 99 , 99 , 99 , 99 , 99 , 100 , 99 , MICS 2014 ," 512,906 ",261960.0,250946.0,393496.35414,119409.64586,76.719,23.281
SDN,Sudan,SSA,ESA,LDC,Eastern Africa,All, 72 , 71 , 73 , 88 , 64 , 49 , 59 , 65 , 86 , 97 , MICS 2014 ," 6,434,078 ",3267898.0,3166180.0,2268205.51734,4165872.48266,35.253,64.747
SUR,Suriname,LAC,,,,, 79 , 76 , 82 , 86 , 65 , 47 , 75 , 87 , 92 , 95 , MICS 2010 ," 59,284 ",30680.0,28604.0,39215.77316,20068.22684,66.149,33.851
SWZ,Eswatini,SSA,ESA,,Southern Africa,All, 60 , 52 , 68 , 79 , 55 , 41 , 51 , 61 , 72 , 84 , MICS 2014 ," 234,807 ",117848.0,116959.0,56755.19997,178051.80003,24.171,75.829
SWE,Sweden,ECA,WE,,,,,,,,,,,,,,," 694,581 ",356958.0,337623.0,611071.52637,83509.47363,87.977,12.023
CHE,Switzerland,ECA,WE,,,,,,,,,,,,,,," 488,834 ",250689.0,238145.0,361321.6511,127512.3489,73.915,26.085
SYR,Syrian Arab Republic,MENA,,,,,,,,,,,,,,,," 2,843,192 ",1457487.0,1385705.0,1577260.762,1265931.238,55.475,44.525
TJK,Tajikistan,,,,,, 98 , 99 , 98 , 97 , 99 , 98 , 99 , 99 , 100 , 96 , DHS 2017 ," 810,431 ",416258.0,394173.0,222917.15086,587513.84914,27.506,72.494
THA,Thailand,,,,,, 98 , 98 , 98 , 97 , 98 , 99 , 95 , 99 , 100 , 98 , MICS 2015-16 ," 4,913,411 ",2527616.0,2385795.0,2526967.2773,2386443.7227,51.43,48.57
MKD,North Macedonia,ECA,EECA,,,, 100 , 100 , 99 , 100 , 99 , 98 , 100 , 100 , 100 , 100 , MICS 2011 ," 111,844 ",57326.0,54518.0,65408.60808,46435.39192,58.482,41.518
TLS,Timor-Leste,,,,,, 81 , 77 , 85 , 92 , 76 , 60 , 71 , 78 , 90 , 96 , DHS 2016 ," 221,543 ",113002.0,108541.0,69387.2676,152155.7324,31.32,68.68
TGO,Togo,SSA,WCA,LDC,Western Africa,All, 63 , 66 , 59 , 78 , 53 , 42 , 47 , 69 , 73 , 84 , DHS 2013-14 ," 1,265,751 ",634616.0,631135.0,541741.428,724009.572,42.8,57.2
TKL,Tokelau,EAP,,,,,,,,,,,,,,,, 162 ,85.0,77.0,0.0,162.0,0.0,100.0
TON,Tonga,EAP,,,,,,,,,,,,,,,," 15,765 ",8113.0,7652.0,3641.55735,12123.44265,23.099,76.901
TTO,Trinidad and Tobago,LAC,,,,,,,,,,,,,,,," 135,283 ",68571.0,66712.0,71989.49562,63293.50438,53.214,46.786
TUN,Tunisia,,,,Northern Africa,All, 95 , 94 , 97 , 97 , 91 , 88 , 94 , 98 , 97 , 99 , MICS 2018 ," 1,044,758 ",534027.0,510731.0,726817.24544,317940.75456,69.568,30.432
TUR,Turkey,ECA,EECA,,,, 99 , 99 , 98 , 99 , 97 , 96 , 98 , 99 , 100 , 100 , DHS style 2013 ," 5,360,775 ",2737543.0,2623232.0,4079817.81375,1280957.18625,76.105,23.895
TKM,Turkmenistan,ECA,EECA,,,, 100 , 100 , 100 , 100 , 100 , 100 , 100 , 99 , 100 , 100 , MICS 2015-16 ," 445,005 ",225411.0,219594.0,233698.8258,211306.1742,52.516,47.484
TCA,Turks and Caicos Islands,LAC,,,,,,,,,,,,,,,,,,,,,93.605,6.395
TUV,Tuvalu,EAP,,LDC,,,,,,,,,,,,,," 1,237 ",646.0,591.0,791.85318,445.14682,64.014,35.986
UGA,Uganda,SSA,ESA,LDC,Eastern Africa,All, 34 , 33 , 36 , 57 , 29 , 13 , 19 , 32 , 44 , 65 , DHS 2016 ," 9,180,010 ",4625445.0,4554565.0,2290779.6954,6889230.3046,24.954,75.046
UKR,Ukraine,ECA,EECA,,,, 100 , 100 , 99 , 100 , 99 , 100 , 98 , 100 , 100 , 100 , MICS 2012 ," 1,687,097 ",868641.0,818456.0,1174354.47976,512742.52024,69.608,30.392
ARE,United Arab Emirates,MENA,,,,,,,,,,,,,,,," 453,654 ",231861.0,221793.0,394896.73392,58757.26608,87.048,12.952
GBR,United Kingdom,ECA,WE,,,,,,,,,,,,,,," 4,824,444 ",2467613.0,2356831.0,4047853.24932,776590.75068,83.903,16.097
TZA,United Republic of Tanzania,SSA,ESA,LDC,Eastern Africa,All, 80 , 75 , 84 , 89 , 74 , 61 , 68 , 78 , 86 , 94 , DHS 2015-16 ," 11,263,873 ",5671070.0,5592803.0,3967924.54171,7295948.45829,35.227,64.773
USA,United States,,,,,,,,,,,,,,,,," 24,682,662 ",12598457.0,12084205.0,20403675.71568,4278986.28432,82.664,17.336
URY,Uruguay,LAC,,,,, 94 , 92 , 95 , 94 , 94 , 84 , 96 , 96 , 95 , 100 , MICS 2012-13 ," 291,184 ",148862.0,142322.0,278124.3976,13059.6024,95.515,4.485
UZB,Uzbekistan,ECA,EECA,,,,,,,,,,,,,,," 2,390,863 ",1227179.0,1163684.0,1205377.49008,1185485.50992,50.416,49.584
VUT,Vanuatu,EAP,,LDC,,,,,,,,,,,,,," 40,940 ",21395.0,19545.0,10449.935,30490.065,25.525,74.475
VEN,Venezuela (Bolivarian Republic of),LAC,,,,,,,,,,,,,,,," 3,530,439 ",1802010.0,1728429.0,3116636.24481,413802.75519,88.279,11.721
VNM,Viet Nam,EAP,,,,, 97 , 96 , 97 , 99 , 96 , 90 , 98 , 99 , 99 , 99 , MICS 2014 ," 7,363,689 ",3858339.0,3505350.0,2749601.4726,4614087.5274,37.34,62.66
YEM,Yemen,MENA,,LDC,,, 63 , 70 , 55 , 79 , 56 , 33 , 53 , 66 , 74 , 86 , DHS 2013 ," 4,383,983 ",2237232.0,2146751.0,1661880.27564,2722102.72436,37.908,62.092
ZMB,Zambia,SSA,ESA,LDC,Southern Africa,All, 74 , 73 , 75 , 88 , 62 , 43 , 62 , 69 , 84 , 94 , DHS 2013-14 ," 3,363,211 ",1692109.0,1671102.0,1500967.43719,1862243.56281,44.629,55.371
ZWE,Zimbabwe,SSA,ESA,,Southern Africa,All, 88 , 87 , 89 , 97 , 85 , 74 , 82 , 89 , 93 , 98 , DHS 2015 ," 3,119,270 ",1563934.0,1555336.0,1005715.0334,2113554.9666,32.242,67.758
,,,,,,,,,,,,,,,,,,,,,,,,
,,,,,,,,,,,,,,,,,,,,,,,,
,,,,,,,,,,,,,,,,,,,,,,,,
"Regional aggregates (unit in %, based on >50% population coverage)","Regional aggregates (unit in %, based on >50% population coverage)",,,,,,,,,,,,,,,,,,,,,,,
,East Asia & Pacific,EAP,,,,, 96 ,,,,,,,,,,,,,,,,,
,Europe & Central Asia,ECA,,,,, – ,,,,,,,,,,,,,,,,,
,Eastern Europe & Central Asia,,EECA,,,, – ,,,,,,,,,,,,,,,,,
,Western Europe,,WE,,,, – ,,,,,,,,,,,,,,,,,
,Latin America & Caribbean,LAC,,,,, 94 ,,,,,,,,,,,,,,,,,
,Middle East & North Africa,MENA,,,,, – ,,,,,,,,,,,,,,,,,
,North America,,,,,, – ,,,,,,,,,,,,,,,,,
,South Asia,SA,,,,, 88 ,,,,,,,,,,,,,,,,,
,Sub-Saharan Africa,SSA,,,,, 62 ,,,,,,,,,,,,,,,,,
,Eastern & Southern Africa,,ESA,,,, 59 ,,,,,,,,,,,,,,,,,
,West & Central Africa,,WCA,,,, 65 ,,,,,,,,,,,,,,,,,
,Least developed countries,,,LDC,,, 58 ,,,,,,,,,,,,,,,,,
,African sub-region - Central Africa,,,,Central Africa,, 62 ,,,,,,,,,,,,,,,,,
,African sub-region - East Africa,,,,Eastern Africa,, 60 ,,,,,,,,,,,,,,,,,
,African sub-region - North Africa,,,,Northern Africa,, 91 ,,,,,,,,,,,,,,,,,
,African sub-region - South Africa,,,,Southern Africa,, 67 ,,,,,,,,,,,,,,,,,
,African sub-region - West Africa,,,,Western Africa,, 65 ,,,,,,,,,,,,,,,,,
,Africa region - All,,,,,All, 66 ,,,,,,,,,,,,,,,,,
,World,,,,,, 82 ,,,,,,,,,,,,,,,,,
